Email,Password
dn91@nittany.edu,r403d0qn
dn91@nittany.edu,yzpp5f1t
dr24@nittany.edu,1d7gjq5g
dh36@nittany.edu,rq02mf0g
dd98@nittany.edu,duf07wf7
df38@nittany.edu,5p2ex4mp
dd30@nittany.edu,ususknvt
dg17@nittany.edu,bg3kzhnv
ds70@nittany.edu,4oioidlt
dw77@nittany.edu,gvaocvt1
dl53@nittany.edu,c2hp2dd4
dr67@nittany.edu,yqh493g3
db68@nittany.edu,wgqpqh2t
dj15@nittany.edu,wmb17np1
dw74@nittany.edu,jqy2dgis
dk54@nittany.edu,v9xe9cd3
dd51@nittany.edu,6v7gf9s0
db59@nittany.edu,0p3ipgfz
dh13@nittany.edu,tqsaz0vp
dr80@nittany.edu,sx0mkxzn
df59@nittany.edu,jtoamzax
dm51@nittany.edu,m18o3u41
dt23@nittany.edu,jxxciuc9
da13@nittany.edu,dc06u9nm
da22@nittany.edu,s6ali6hq
dr30@nittany.edu,44j06cnw
dc61@nittany.edu,diy0nmdr
db92@nittany.edu,6cbbt7ot
ds79@nittany.edu,29cu0i4q
dk36@nittany.edu,a4827x3j
dj56@nittany.edu,55ycoqop
dc36@nittany.edu,l9q4tta8
dv46@nittany.edu,tslak1a6
db91@nittany.edu,d1uz3aya
da72@nittany.edu,mpe2olmx
de43@nittany.edu,ebtz2fob
dm10@nittany.edu,2koidnt2
db15@nittany.edu,845bd92l
da28@nittany.edu,owq94wfe
dc76@nittany.edu,rlj07keq
dc88@nittany.edu,x26uaxzr
dr38@nittany.edu,gusbe091
dl23@nittany.edu,zrcwnnrz
dw46@nittany.edu,9ozcn0sr
dk70@nittany.edu,cqw7hrg3
df59@nittany.edu,9uhmclic
dr96@nittany.edu,cukoqrzk
dk44@nittany.edu,sekbfhqm
dr38@nittany.edu,qui392mr
dr69@nittany.edu,ogmh36q7
dm28@nittany.edu,2xzermda
dj59@nittany.edu,x2boxvpo
dr91@nittany.edu,m56icvld
dm17@nittany.edu,jlt1x825
ally47@nittany.edu,ixg1libp
almu46@nittany.edu,4eystjwe
alki89@nittany.edu,p0ulbn26
ansh34@nittany.edu,06e84eor
alle64@nittany.edu,ev4n7hoh
alle28@nittany.edu,oqt6byzj
alhi23@nittany.edu,d797xc1r
albe69@nittany.edu,gr1wwq45
ankr70@nittany.edu,uy8t28xc
alto15@nittany.edu,dfo34diu
alsc17@nittany.edu,l55ah9nv
alha21@nittany.edu,a1uqkqum
ambo84@nittany.edu,h18e8b5s
altr36@nittany.edu,wxl0jmfp
alok16@nittany.edu,o81zf7vv
anli23@nittany.edu,4n61e74y
albe69@nittany.edu,frmyglmo
alle11@nittany.edu,ougfoqn0
anja48@nittany.edu,nthuiyec
amro31@nittany.edu,5h880la6
ammo37@nittany.edu,wd5xogip
alst83@nittany.edu,93fj0cwc
alzu19@nittany.edu,mg8nk8d5
albo19@nittany.edu,gjgm1fqt
ampa87@nittany.edu,uh69s5qo
amga39@nittany.edu,h5rqfz6v
ammi72@nittany.edu,viq0h6xe
albr25@nittany.edu,tr7phe04
alhe25@nittany.edu,t4v6sg4w
amde32@nittany.edu,pt2zj3ku
anwi59@nittany.edu,9gbzyxsk
leje93@nittany.edu,p7yiphsy
robr88@nittany.edu,mn60ih69
lodi53@nittany.edu,1vnxmx51
madi54@nittany.edu,cjiicgr5
kefa54@nittany.edu,m0bdut14
pezi71@nittany.edu,7j7rei4g
maru68@nittany.edu,2mjlwhvc
saco56@nittany.edu,p8ieksdz
typa33@nittany.edu,od1asurx
imhi13@nittany.edu,d5mus3og
miel56@nittany.edu,61ip5i1a
pari32@nittany.edu,09vhc6ga
niku58@nittany.edu,1vpw660p
jaze94@nittany.edu,9z5xs7i4
japa33@nittany.edu,6f4h1qhw
luke27@nittany.edu,i15k2z5c
kast88@nittany.edu,a31lbs06
mist59@nittany.edu,xbodkb1p
ishu24@nittany.edu,c6m8qq2y
shma29@nittany.edu,cyr5laao
jusc92@nittany.edu,juqc63zz
mabl83@nittany.edu,iqt9wnaq
remc58@nittany.edu,zibhv380
mige32@nittany.edu,hhoz4znw
kaca70@nittany.edu,o19o3kra
rehi30@nittany.edu,cz4rv678
jeha67@nittany.edu,e3gvatua
mise28@nittany.edu,t97xa8jr
jale60@nittany.edu,hza255xn
mare67@nittany.edu,u50mz2ki
myar49@nittany.edu,ql6wokcz
robo65@nittany.edu,6ch26zsv
jaco40@nittany.edu,zrziiod8
krgu41@nittany.edu,c6zw7xeq
legr17@nittany.edu,td7qer7k
skgr42@nittany.edu,885lnlgn
thpr82@nittany.edu,3w4nls9b
subo96@nittany.edu,9yzoqecx
mrha65@nittany.edu,ldrwndyy
visa92@nittany.edu,zagzjbh5
mrma15@nittany.edu,5zsqvzsa
thgl49@nittany.edu,mujxipgm
meku48@nittany.edu,5tplvmde
saal87@nittany.edu,h4hxgcq7
kini70@nittany.edu,56evzicb
joki67@nittany.edu,8axiqzsa
madu64@nittany.edu,7zez3zsk
mrch57@nittany.edu,7vx7covg
lula26@nittany.edu,yt1zlei9
mare60@nittany.edu,1c8zbevj
taba71@nittany.edu,0m29rudy
wimo31@nittany.edu,vohtstyp
jobr54@nittany.edu,rhw24sr5
kro'72@nittany.edu,88zlsj5j
zajo34@nittany.edu,t2ujdmui
maba64@nittany.edu,obmm3eek
maru55@nittany.edu,xkuhje6t
msde33@nittany.edu,kr7ql6nc
kami95@nittany.edu,re55bd6w
shgl31@nittany.edu,lfd2z2k3
mast74@nittany.edu,t2xd9avn
tomo38@nittany.edu,7i18zf4n
jagr89@nittany.edu,xms08kb4
yecr21@nittany.edu,wagux3h8
sest31@nittany.edu,8z5pnlui
rebo48@nittany.edu,2xpz77r8
zare36@nittany.edu,cqu4oqqk
roch66@nittany.edu,tqdgdwnl
jotu55@nittany.edu,pjjaks2g
luob16@nittany.edu,bn47qlis
trru77@nittany.edu,h6czyxwt
laru41@nittany.edu,a62i6pl3
xagr16@nittany.edu,sxbpeq1n
mrel58@nittany.edu,lscmydj9
lure69@nittany.edu,9itfmlss
shhe31@nittany.edu,468vx2eo
loan10@nittany.edu,pyu1l9vk
masc19@nittany.edu,pw8rw005
toba46@nittany.edu,hluyeul5
mamu55@nittany.edu,6be7cy6j
toha22@nittany.edu,vcqhvrf4
khko36@nittany.edu,pzivzcis
nodo25@nittany.edu,x66pet3n
sabr72@nittany.edu,21appxs5
ruru39@nittany.edu,pg6loq0c
mrma27@nittany.edu,ho1589h3
mrre17@nittany.edu,7wkpb4f4
logi55@nittany.edu,bnq1qmcv
jaor87@nittany.edu,1ycbd4va
miar93@nittany.edu,fba3ls3l
macu84@nittany.edu,65t6knui
rysc36@nittany.edu,fcksdooc
mryv67@nittany.edu,p5xjrgpy
movo30@nittany.edu,hxmroy2c
viwi68@nittany.edu,wi14inop
nare33@nittany.edu,o0u7wza2
mral50@nittany.edu,0we09v6f
moco21@nittany.edu,1kwxyx73
lago10@nittany.edu,28g2dueo
stha90@nittany.edu,5qe7bghc
matu58@nittany.edu,s0t63ppx
loto26@nittany.edu,jajxpr7a
jewa28@nittany.edu,5x3nzy2o
kero75@nittany.edu,w8igr7b2
nafa21@nittany.edu,kh25zijo
med'83@nittany.edu,ryu3o2mq
mibr87@nittany.edu,n2dfub1z
maki39@nittany.edu,vdpmots3
mska33@nittany.edu,fxkpjvr8
olco93@nittany.edu,x4wzwl35
kema57@nittany.edu,brhbtpp6
jesc33@nittany.edu,c3ixaudm
juwi29@nittany.edu,95kymlws
vela27@nittany.edu,jxdqxajo
piha97@nittany.edu,704ilqhr
mida70@nittany.edu,mij0lo81
juhe23@nittany.edu,2fi47lk3
mowh83@nittany.edu,ylozvj4o
lida17@nittany.edu,fpqano7u
mrca98@nittany.edu,vvni2kh3
lugi83@nittany.edu,bc4le940
msma89@nittany.edu,13kvwsjo
reco75@nittany.edu,gbqtku3c
mize25@nittany.edu,ro0wghzu
mrle83@nittany.edu,c03gkbjx
nihi13@nittany.edu,lo21i5t7
masc68@nittany.edu,fjh8si60
mapf36@nittany.edu,93lugexr
luja55@nittany.edu,f0kf14lp
skro27@nittany.edu,kb3tlio2
mrti53@nittany.edu,pqq8z7sr
leda35@nittany.edu,n7qps904
stvo95@nittany.edu,72khyt24
kyfa87@nittany.edu,5wy4bon0
rohe53@nittany.edu,meon7rzi
vito55@nittany.edu,sls2audw
lyul15@nittany.edu,ptc0b1y3
lobe57@nittany.edu,95zc0rwz
kaba21@nittany.edu,zuqm5kpu
rove73@nittany.edu,xwdu18y9
milo79@nittany.edu,oamszhnw
mrjo11@nittany.edu,5ocovp3j
jofr16@nittany.edu,f9se8wwm
lutu77@nittany.edu,fws0qxaz
jasw92@nittany.edu,kyknbv85
rafe18@nittany.edu,1dig79sf
jost72@nittany.edu,nq4112q9
kaka63@nittany.edu,sgdlqet1
msra75@nittany.edu,k6uyidbm
veer38@nittany.edu,mk737jwg
mslo34@nittany.edu,u9x7dz70
ludi55@nittany.edu,609akvrd
jaku39@nittany.edu,94qak42y
isna90@nittany.edu,41gfy1ej
pabe54@nittany.edu,skf5ui3q
rofr52@nittany.edu,dok8nl9x
mini52@nittany.edu,1vfo45w7
sama27@nittany.edu,49xkwq6n
luja59@nittany.edu,f2hkrocp
wiru61@nittany.edu,f2ey91az
wile86@nittany.edu,ij8sdkw9
juri31@nittany.edu,xmiiavzz
nesc27@nittany.edu,4wks1yn1
mrsh83@nittany.edu,66krk2ow
nean44@nittany.edu,8tayuxnr
losc67@nittany.edu,hrj3gm5t
sima39@nittany.edu,06f3jir4
roro57@nittany.edu,euho4xy8
lowo20@nittany.edu,l2c6cn16
isla17@nittany.edu,01idi3cu
migi70@nittany.edu,kz3zir6z
muor92@nittany.edu,ginqor0y
piwi16@nittany.edu,to134xcj
lema61@nittany.edu,lmddz47s
mrja73@nittany.edu,zlergoka
peco63@nittany.edu,g6gquwns
mifr77@nittany.edu,byrmhkrc
jobr61@nittany.edu,79r2lk38
msad29@nittany.edu,v8a0upa6
lyfr44@nittany.edu,r5ewbudh
johu32@nittany.edu,8d3tdd6n
reba92@nittany.edu,6j8qtf9g
msra90@nittany.edu,9tc1sf4b
mala60@nittany.edu,kv6p91kt
mrke40@nittany.edu,bisj7cvm
nicu75@nittany.edu,b09izvbz
mrjo92@nittany.edu,n4v8hqyq
maei79@nittany.edu,qmpyhkgz
mrke29@nittany.edu,4zfuvuep
miyo46@nittany.edu,ixfwzeh2
jemc56@nittany.edu,fhsc0rqw
urfa30@nittany.edu,yohr8drf
mare54@nittany.edu,dud61mbj
maba23@nittany.edu,yqz5bgrm
jaku88@nittany.edu,dngxq5hi
yasc95@nittany.edu,n5bplqw8
rofr78@nittany.edu,3phvh9ch
nio'69@nittany.edu,yko7qfpk
lico51@nittany.edu,zl5y07yb
orhe38@nittany.edu,xa4qupgs
jeco52@nittany.edu,smelkveu
mami44@nittany.edu,qfnrr7q6
jaha39@nittany.edu,e44gixtz
irkr41@nittany.edu,wd6c5b8t
thke81@nittany.edu,lcxh50pn
tosc13@nittany.edu,ilnv4fc7
kari12@nittany.edu,nejwj0g9
rokr95@nittany.edu,fbcoyeuk
sogr93@nittany.edu,jau0vvp1
julu53@nittany.edu,ekgc03iz
keha74@nittany.edu,r6lql7ka
mrel65@nittany.edu,du07mr15
joli56@nittany.edu,avrak6tf
stwe56@nittany.edu,genhnfwu
kiho64@nittany.edu,297q8crc
mani98@nittany.edu,mvoktbee
mrth53@nittany.edu,u61545ij
pefa91@nittany.edu,voqefyok
macr52@nittany.edu,e59cih6r
mrve22@nittany.edu,fw1vmu6d
kaku45@nittany.edu,59hg8iiw
otki46@nittany.edu,sv6m90rj
miti11@nittany.edu,nruazyy2
labo23@nittany.edu,0384qogi
lahi32@nittany.edu,9wsxm9n2
meni11@nittany.edu,2s38fy1y
kaab84@nittany.edu,2vicyb49
trtu58@nittany.edu,v08qy7ak
maru64@nittany.edu,atpig6cx
miau39@nittany.edu,ohnzfbua
msre96@nittany.edu,0ofwccee
orsi42@nittany.edu,rbm7nj0l
miis11@nittany.edu,l6qnsfh8
mije95@nittany.edu,kl1qwhlb
prwh23@nittany.edu,yxkcwdgq
juob46@nittany.edu,e83hpu1t
kile57@nittany.edu,8wb1rxkk
nasp71@nittany.edu,vhqlpsxm
vlre59@nittany.edu,x1pcj1lj
miko26@nittany.edu,0mw55wlu
trsc21@nittany.edu,nu5j89vv
meje81@nittany.edu,b7vlqf67
kapa62@nittany.edu,7ju36d6x
maem36@nittany.edu,3bo30fmd
lahe65@nittany.edu,7w0nvvdk
kaan22@nittany.edu,zueofsd7
wian90@nittany.edu,w243ok57
liad49@nittany.edu,vbh4oyvh
kaly31@nittany.edu,cv1y6th1
jeha67@nittany.edu,s3hc5no3
sibr59@nittany.edu,j7r0a57m
keba40@nittany.edu,rra42qn8
lavo90@nittany.edu,v7zygrtm
matr88@nittany.edu,wsm19ofu
zepr19@nittany.edu,d3dgrdyb
meru71@nittany.edu,7parpwv4
wesm97@nittany.edu,teicrr0i
lawi45@nittany.edu,4zg52bmc
mrsh14@nittany.edu,r5rdlt3p
moja20@nittany.edu,hqz70t65
jaco27@nittany.edu,eo12cwf1
maja24@nittany.edu,1ugb9cmy
jezi86@nittany.edu,k5yvaa0l
veol44@nittany.edu,2bydpo29
kast64@nittany.edu,rhxt4g5n
mrty47@nittany.edu,exvtqnja
wisc39@nittany.edu,zypbenkp
mrda60@nittany.edu,uv6lyhx1
tihi83@nittany.edu,h9on7qnt
mehe11@nittany.edu,62pu6wfu
vako57@nittany.edu,651y3i92
maha14@nittany.edu,un370oka
wiwi17@nittany.edu,kj60tdn2
meke50@nittany.edu,85455s3q
ubbr50@nittany.edu,x506uggh
lohe26@nittany.edu,v3gdwdc5
kafe46@nittany.edu,kugxq36s
sabr97@nittany.edu,wxsmyx7m
msno91@nittany.edu,jp6g9t7o
ulgr11@nittany.edu,dxkepcty
trku61@nittany.edu,qecf5aq9
isbe72@nittany.edu,uua3sa2w
odsa10@nittany.edu,mjn5h1ar
nief80@nittany.edu,zyidgkic
vigr22@nittany.edu,mngwzy70
mrra56@nittany.edu,64l3koc2
kyma12@nittany.edu,ogioyglf
saja73@nittany.edu,s90gbel7
wira41@nittany.edu,aqiwjran
mrro35@nittany.edu,wdej56s0
mial87@nittany.edu,a771edmk
megr50@nittany.edu,0chfsvgv
laha17@nittany.edu,yc5lx7ko
zari69@nittany.edu,ox4oj6bk
jagu61@nittany.edu,ur67r649
orko37@nittany.edu,w4lw74bb
miwe21@nittany.edu,gw0fvr67
skma88@nittany.edu,vxoiplyk
msni30@nittany.edu,v0ao01h6
roma11@nittany.edu,hvp8c1pa
jali79@nittany.edu,0plitcjo
msli40@nittany.edu,y5vg4l0f
pihe69@nittany.edu,ri2ema2v
mral93@nittany.edu,c4mxuuqi
pepu83@nittany.edu,o1fefu43
vake78@nittany.edu,ids1tqkg
raob11@nittany.edu,ekfvrwnv
tefa83@nittany.edu,bbub3bn6
prmi94@nittany.edu,5jaf22em
karu83@nittany.edu,4l677h7b
mrty80@nittany.edu,lugv35xs
trwi75@nittany.edu,v8vwyn9u
ovle14@nittany.edu,sjh2j7al
jawa80@nittany.edu,7b5mmk0k
orku77@nittany.edu,0mtlfueb
pash23@nittany.edu,0btsy90l
mrpa70@nittany.edu,yvw13vva
stmu37@nittany.edu,4ubv2rui
tidi79@nittany.edu,jqnrvtrh
shma67@nittany.edu,evr5of46
jopa57@nittany.edu,glomie2r
miga72@nittany.edu,97wpdce3
stgu90@nittany.edu,l1gmkdot
laor69@nittany.edu,2egyxxlf
mslu52@nittany.edu,njqkhbk1
jast20@nittany.edu,9omxaej6
mier11@nittany.edu,wlbwyq0u
msbr45@nittany.edu,x55rpyay
sago23@nittany.edu,uspynxlx
lato56@nittany.edu,du9dnihl
pitu56@nittany.edu,lygiglih
wicr76@nittany.edu,7pvgb1zz
mima29@nittany.edu,v4zb3jgz
mram13@nittany.edu,jvu0nzlk
jeni41@nittany.edu,qb44g4dk
miha49@nittany.edu,2n5005op
johi88@nittany.edu,t4lokykc
shpa77@nittany.edu,fsrrus7y
vino72@nittany.edu,vv66g921
mrja54@nittany.edu,ucjic0w9
mohe31@nittany.edu,k6oyux03
mapr20@nittany.edu,michr3i2
mrja95@nittany.edu,5n7v2kpx
mrpe24@nittany.edu,b0ik492k
mrre10@nittany.edu,k0nmx856
kake61@nittany.edu,erpw7yc1
jama43@nittany.edu,t3cc9z99
mrmu91@nittany.edu,zhficzyu
jare71@nittany.edu,kbpsbr3f
ruqu70@nittany.edu,18039p3n
tyfa78@nittany.edu,5pvjbo7e
osbo52@nittany.edu,ktfuzxp9
jedi95@nittany.edu,9q2thys7
nabo54@nittany.edu,0nzzhtfv
josm22@nittany.edu,j3od3n4p
mrtr63@nittany.edu,hol7b2mw
tabe12@nittany.edu,f27vzunk
jafe34@nittany.edu,s0ar4vzh
mrja29@nittany.edu,xoiyx6kc
stle84@nittany.edu,yf61naw6
wigu91@nittany.edu,wbaj93jd
laba18@nittany.edu,dot0tf8n
kawe76@nittany.edu,gyuo6s68
ledu23@nittany.edu,fsj3c1kx
nebe37@nittany.edu,t3tb56et
ruke59@nittany.edu,nqr175z6
vipr98@nittany.edu,1ud2uqwt
mrbr97@nittany.edu,vf1lz76e
ruha91@nittany.edu,l4kd44ir
lewi62@nittany.edu,7m8mr0xn
mcei58@nittany.edu,ffb2ht7r
mapf39@nittany.edu,o3dr5v73
unst98@nittany.edu,l35tyonq
miad37@nittany.edu,yd06ojzw
mako63@nittany.edu,324dzpe5
msad16@nittany.edu,puhwjytc
veyu18@nittany.edu,4dd4cw3t
liwe43@nittany.edu,psuozril
nomo27@nittany.edu,iy1zte43
neba26@nittany.edu,t317pzht
masc56@nittany.edu,ap6zwdg6
mike18@nittany.edu,m7rl0est
rowa14@nittany.edu,wzrfyu4b
maru41@nittany.edu,boobfpsc
kazi59@nittany.edu,93fazlav
mala41@nittany.edu,8u9m3vy0
jado88@nittany.edu,hm6f5dki
leku43@nittany.edu,i86a0wes
jeko74@nittany.edu,9xsuk73g
jowe23@nittany.edu,vzbjdv3k
zawu33@nittany.edu,azwrgwfc
jukr59@nittany.edu,mok0ne4f
mrni46@nittany.edu,9w0dzvox
paha61@nittany.edu,vi91ma60
jele73@nittany.edu,cort4ur0
maje38@nittany.edu,n1dy26kb
nisi22@nittany.edu,dolqvilg
lora25@nittany.edu,u6hzmqce
mies29@nittany.edu,h6596pmb
mrci47@nittany.edu,9e902fh5
jeke49@nittany.edu,tc7wzen5
kibr20@nittany.edu,bb20e3eo
kiqu63@nittany.edu,ncauyhl8
mija77@nittany.edu,50ios7oc
trpr95@nittany.edu,7xngmflx
mrel17@nittany.edu,koq3w7uq
kybe19@nittany.edu,qaim4nyr
sero57@nittany.edu,y8ctfvas
jeha79@nittany.edu,r3fjawr3
sepr30@nittany.edu,ml2h208b
phmu79@nittany.edu,7lkh0drk
tule83@nittany.edu,aw578ax6
izmu41@nittany.edu,9fxd7jbx
spdo60@nittany.edu,h4s07rdo
peok37@nittany.edu,ip7d5auz
wio'32@nittany.edu,763l3i7c
mrci36@nittany.edu,29h5hyri
moma44@nittany.edu,qn3gf4jy
nebe83@nittany.edu,0st9amrk
mimi92@nittany.edu,g7du1ojo
viho76@nittany.edu,xq61mjeu
miid62@nittany.edu,m8xeqokb
jast57@nittany.edu,e96c7keo
matr83@nittany.edu,bo0jngmw
ocha60@nittany.edu,f82kxu02
jebo82@nittany.edu,v9ssce9g
jucr26@nittany.edu,q9d9s6dq
kasa45@nittany.edu,sl8woypo
stbe12@nittany.edu,2vzzya36
mrru90@nittany.edu,l9hbj48g
soni78@nittany.edu,5yi7x0eo
mrgu69@nittany.edu,rl2cp87v
orra49@nittany.edu,kvn8iy42
mrde86@nittany.edu,vtosgz5l
jaku96@nittany.edu,s5sdwxe9
kada78@nittany.edu,ky47f40i
miot57@nittany.edu,yj2pbwup
migu73@nittany.edu,2ah4ktzw
nimo64@nittany.edu,vlzywpvf
syre94@nittany.edu,iplj2xy6
mewa35@nittany.edu,32646od4
leto30@nittany.edu,ey2211w5
miba67@nittany.edu,sh4xt2bg
stcr94@nittany.edu,l1v69w0t
msal90@nittany.edu,diy15lsc
mabe20@nittany.edu,lb72y2as
trbo47@nittany.edu,o7e5y5dx
jogi89@nittany.edu,maqpunnl
yecr39@nittany.edu,vq1nni34
nela31@nittany.edu,5aoxsizv
migo13@nittany.edu,nxo2mwgf
toar57@nittany.edu,mklvq7ae
jeca51@nittany.edu,shhpv8p7
miro85@nittany.edu,02urjsak
mrja13@nittany.edu,kcu3vjig
lumc14@nittany.edu,j2sxy242
mste37@nittany.edu,pb0hfa5q
maor39@nittany.edu,gx3wwjpy
malo77@nittany.edu,ncjwln3k
migr44@nittany.edu,dougrd3c
luly59@nittany.edu,okou3evv
msdo57@nittany.edu,c1tkc0cu
jadi89@nittany.edu,ctrbgry4
stko60@nittany.edu,o1kwtc35
mrtr25@nittany.edu,9pp8rq5t
mimc70@nittany.edu,scejc8la
newi30@nittany.edu,x6dvvxsz
trdo28@nittany.edu,7t094e9g
jawo46@nittany.edu,cn3jhka6
stpa13@nittany.edu,m5cocubj
mali92@nittany.edu,ui580f4n
kecr15@nittany.edu,v0fgasd7
lod'68@nittany.edu,ftqmprpx
otca40@nittany.edu,xcjcr4fc
mrab62@nittany.edu,9850zhhi
johe10@nittany.edu,p90ls52s
mrde79@nittany.edu,pczfi6i4
rema87@nittany.edu,rqgrpbb3
osgo58@nittany.edu,o3hihfsr
miar34@nittany.edu,jc1yhwrz
kiks71@nittany.edu,o27khz2d
juja92@nittany.edu,vaklayln
leha97@nittany.edu,gtmrxd7b
lyro51@nittany.edu,krunxnsj
rero91@nittany.edu,fcsiw9vb
xzbe38@nittany.edu,fwja346l
mabe85@nittany.edu,1alls4jn
masp45@nittany.edu,eivrd0dg
lima61@nittany.edu,4abor0p0
joad87@nittany.edu,i8c51ca7
ziok85@nittany.edu,h2c0hmwx
lera93@nittany.edu,ky9az1o3
keto37@nittany.edu,ciwfk9v0
leha11@nittany.edu,i41crgb3
moja50@nittany.edu,bubzi73b
mao'55@nittany.edu,dg88ili6
mara63@nittany.edu,4y9tpklm
rora48@nittany.edu,mfh91bnj
syei22@nittany.edu,66hclke8
joma32@nittany.edu,jhdfzk6j
zogo67@nittany.edu,18ujzopj
mrte39@nittany.edu,pyhzcqqb
kahe73@nittany.edu,6tevyige
rato84@nittany.edu,7kg2r96n
jore51@nittany.edu,86avpeyh
maco33@nittany.edu,6se8nlut
ozcr11@nittany.edu,xd3o8mxz
papo93@nittany.edu,hni8nv4y
syro26@nittany.edu,o4khshi4
mabe90@nittany.edu,3z92cca8
mrta66@nittany.edu,9yv3xir1
sesc71@nittany.edu,08i243xw
leto72@nittany.edu,rfbl7dns
mamo88@nittany.edu,532k3czr
miku14@nittany.edu,ap25n3ab
jaku78@nittany.edu,1ryphig3
lacr95@nittany.edu,ryeicg8y
jast19@nittany.edu,93y7sv9c
shsc42@nittany.edu,15xkc9gi
mrad43@nittany.edu,znklaesk
shwa63@nittany.edu,3n0anbkn
shma15@nittany.edu,8ho2ylkn
mrlu80@nittany.edu,xlcl3olo
kehe86@nittany.edu,5v0x2i2u
kete79@nittany.edu,qgxo5n12
kari54@nittany.edu,cndejauu
kaor94@nittany.edu,r0wetv5d
mafi97@nittany.edu,0o5ugfpb
mrkr25@nittany.edu,9ibxvx8f
shmu64@nittany.edu,ottq8l4h
robi14@nittany.edu,u023nh0i
jaro14@nittany.edu,2pn9hkyw
khtr98@nittany.edu,rxsuefl3
woda43@nittany.edu,7p0w4sw8
rofa60@nittany.edu,937d9lsa
mine24@nittany.edu,exkdo0ql
stre54@nittany.edu,421s7hyr
timc22@nittany.edu,ybftdlvn
lesc16@nittany.edu,zb72v3ys
rora84@nittany.edu,hif5wgha
qujo98@nittany.edu,jc5mjn4j
jupr55@nittany.edu,jtpv3g6o
masm10@nittany.edu,2ki3shs0
samc77@nittany.edu,5cjv882q
mipo82@nittany.edu,7f94l7s0
mrda46@nittany.edu,b72x34cx
macr17@nittany.edu,o7rl1udy
waan41@nittany.edu,h7waj302
mipa33@nittany.edu,pxfwcqxb
vele16@nittany.edu,rof5jch8
mrde62@nittany.edu,bkiff3gh
rohu90@nittany.edu,08ddd6ps
maco38@nittany.edu,gvftq3ee
joha79@nittany.edu,ra3xf3g2
isvo20@nittany.edu,aa8obunx
ivre51@nittany.edu,7m9wcg8w
maro57@nittany.edu,otcje7py
roro13@nittany.edu,wgtnbh1o
rihu87@nittany.edu,ungqga6k
mrja79@nittany.edu,ehf2dmzk
msma48@nittany.edu,5yczj6oj
mram41@nittany.edu,99wxwmdm
jama22@nittany.edu,jolwy2s0
mozi17@nittany.edu,ct9v66xc
kemc44@nittany.edu,ggt4hfj9
opmu54@nittany.edu,30cb43o7
jema59@nittany.edu,3hbwxyko
jake58@nittany.edu,q0ssowih
rale42@nittany.edu,k0t192jm
magr82@nittany.edu,dwq6vie7
lebe56@nittany.edu,1ac5j9hy
prpa96@nittany.edu,9hg8nilg
stwa41@nittany.edu,0v91h6mw
lemo60@nittany.edu,zrzby18o
maha41@nittany.edu,gysd8ywq
kawi18@nittany.edu,9sr4krcq
paab82@nittany.edu,y8692wws
scwi45@nittany.edu,pwnt950j
rala21@nittany.edu,ibm2bo3e
sabr46@nittany.edu,krp1pkam
lomo26@nittany.edu,0djua4jk
mamc25@nittany.edu,yh7imzim
sado35@nittany.edu,mmw3lwvp
mazi22@nittany.edu,ntwa6o22
mrom36@nittany.edu,uhxeokud
masc66@nittany.edu,yxwumm5l
wiru82@nittany.edu,whmc8nsh
odup53@nittany.edu,9oes49js
meli82@nittany.edu,1zvudew1
lehe85@nittany.edu,tgsfcg7u
resc48@nittany.edu,e1lek9bw
mrbr59@nittany.edu,yppqbd8m
myhi38@nittany.edu,z0ak5f78
shgr74@nittany.edu,xpddtqtt
sulu66@nittany.edu,vjp9fvw3
tazu87@nittany.edu,z8brxxr2
bekr78@nittany.edu,fv67v7ud
aufe26@nittany.edu,u9sweo7t
astr22@nittany.edu,rpc0ecr4
babe59@nittany.edu,2z5x0wq9
axbl56@nittany.edu,ymt3iyum
arsc63@nittany.edu,c0hgfkxn
ansc19@nittany.edu,y6e4oxeo
asmc27@nittany.edu,mpx009eg
aube73@nittany.edu,lx2hz60s
arbu84@nittany.edu,p0itvgwk
angl97@nittany.edu,c8tpvxdf
aner13@nittany.edu,mxdgxmjn
ausc48@nittany.edu,fzkbxbiu
ansp85@nittany.edu,f096f3px
anho89@nittany.edu,3t52wwlg
ancr23@nittany.edu,17ow7v6r
bast22@nittany.edu,7398f1v0
anri13@nittany.edu,cu9pnq8n
bake54@nittany.edu,t26x25az
anhe48@nittany.edu,p6q31twb
arst43@nittany.edu,msf24v3r
arha63@nittany.edu,vjy43dwn
baly73@nittany.edu,rv6h5k9v
bapa30@nittany.edu,fms2vvht
arhe46@nittany.edu,kp2yck94
aswa63@nittany.edu,7zryi69f
arpa30@nittany.edu,0ahwidu1
anwa10@nittany.edu,ieerwn8d
anbr46@nittany.edu,xkw7v0ch
arsi24@nittany.edu,qe5jz5ek
aywi34@nittany.edu,61t53q20
anbl73@nittany.edu,7j28vvzc
aryo43@nittany.edu,ps7agu40
anma58@nittany.edu,8rkn1rx3
cio'25@nittany.edu,no2dsq6k
begi91@nittany.edu,3nwq2ezo
cazb82@nittany.edu,3rzaa57p
clha87@nittany.edu,qm4tj1ve
ahma48@nittany.edu,2554uc0w
cogi65@nittany.edu,hq5l3bz8
cyha49@nittany.edu,afkpa2ws
chdo48@nittany.edu,k6a80kp9
bebe67@nittany.edu,scpn2dpp
abje42@nittany.edu,yi3qshz1
casp68@nittany.edu,2vu5sf3s
alli42@nittany.edu,0fn7cx6r
dago87@nittany.edu,0bn8gx77
aiwi78@nittany.edu,8jz2y2a5
bere39@nittany.edu,47fu0i8o
clbi11@nittany.edu,8vc64p5v
dahu77@nittany.edu,pfvpn4hn
brpa24@nittany.edu,b98cyqy7
cogu71@nittany.edu,p9z2n632
caos79@nittany.edu,0n1e6pnc
daka54@nittany.edu,fhdtpgwv
algo39@nittany.edu,1diivr7z
brha58@nittany.edu,o1rt4cbf
alst26@nittany.edu,crailqp3
beko89@nittany.edu,142xk754
dash33@nittany.edu,ti45130u
alcr49@nittany.edu,uvhbxp40
clku98@nittany.edu,2x8rf35c
cafl22@nittany.edu,8lhl9t10
bere65@nittany.edu,6f3z7kb0
care47@nittany.edu,6jcorz9a
cahe47@nittany.edu,ajkwwmzd
dahe27@nittany.edu,3c34iijt
blja63@nittany.edu,du41ksn8
cehi56@nittany.edu,3l51ofow
abku19@nittany.edu,cl82fa7j
abgo87@nittany.edu,bjppzwgj
brbe83@nittany.edu,jwnn3kbs
abwi97@nittany.edu,2ug8r41a
cara40@nittany.edu,gjmnphk1
chni79@nittany.edu,r18uqmoj
bemu60@nittany.edu,ajfck44r
caru75@nittany.edu,2s9glbub
adbr16@nittany.edu,avpdvzzg
crro63@nittany.edu,xh1z5q3c
aisc46@nittany.edu,21ch6o1g
brbi64@nittany.edu,ib658n92
cawi11@nittany.edu,6thcq3ka
almu62@nittany.edu,y9hmo2y1
chbr13@nittany.edu,iu6rvymu
adhu54@nittany.edu,pc2li9jb
brhu68@nittany.edu,0sr7srbq
crke70@nittany.edu,7lsd8u6o
care67@nittany.edu,0okfdvzu
aban32@nittany.edu,hj0n3pp5
care59@nittany.edu,o5p7oizf
clti41@nittany.edu,20aadwv7
brwi34@nittany.edu,qocb0jon
cagr31@nittany.edu,xy9mo4ch
cich61@nittany.edu,nc83dfhd
caco26@nittany.edu,32gvv474
char92@nittany.edu,50oqcctn
coqu79@nittany.edu,tw5426ed
cani42@nittany.edu,evxf35zl
bela16@nittany.edu,1dtdo40q
bran68@nittany.edu,00i72mf0
clwi28@nittany.edu,i6uh8tg6
cama94@nittany.edu,nvxhowyn
cake87@nittany.edu,y3ujhb8l
caon56@nittany.edu,o00ttgut
cosc79@nittany.edu,45ncapyh
beco10@nittany.edu,ksq8h86c
aife97@nittany.edu,wm1cdnuo
admo59@nittany.edu,9jwi71sj
bepa62@nittany.edu,vwy31jv7
cowe67@nittany.edu,1zvd1snn
bela29@nittany.edu,qgdussoj
cosp57@nittany.edu,px5st392
alha20@nittany.edu,cqbh45an
casc93@nittany.edu,4ad4so3q
beke22@nittany.edu,ms07pcfx
cahe50@nittany.edu,u618ku61
alro54@nittany.edu,44vdzjle
brmu63@nittany.edu,mesb9dvn
besh40@nittany.edu,z1wbo8rz
clau83@nittany.edu,zfwpjz8k
chba56@nittany.edu,9ud209h4
daho53@nittany.edu,17wgtqdn
abli16@nittany.edu,ctvqpw3f
abku84@nittany.edu,xi209spb
clal25@nittany.edu,0nj3c33c
alst89@nittany.edu,lsrte554
clke64@nittany.edu,v2cjbrvc
daro47@nittany.edu,045ar2mf
casc47@nittany.edu,pcccpp55
bedo80@nittany.edu,8f2lqduk
brle15@nittany.edu,8i6is0ah
brol70@nittany.edu,rjpdf3er
cake17@nittany.edu,zkvrp5jt
abgu85@nittany.edu,5uvu9byo
brfa78@nittany.edu,9jmi0zwo
d'ba10@nittany.edu,msl605wk
alsc17@nittany.edu,tj74r303
cada94@nittany.edu,xs85pn08
adja96@nittany.edu,957kzj9i
alef91@nittany.edu,laqw8wy4
caco71@nittany.edu,xgedsmm3
brro23@nittany.edu,wd4s9vg9
dacr88@nittany.edu,kmi4uxpg
adpo17@nittany.edu,v05k1v63
brbe33@nittany.edu,thufxhze
capr59@nittany.edu,y8x1jptl
dahi43@nittany.edu,1va14zi3
alo'63@nittany.edu,p7zeye92
cast42@nittany.edu,hqjkh5qw
cewi70@nittany.edu,ld6euu2f
camu18@nittany.edu,g1pp37m7
albr93@nittany.edu,ysawmj9y
clwa86@nittany.edu,qe0iy7nq
aiwo40@nittany.edu,n24jab1u
chba90@nittany.edu,7ypnjh47
brtu67@nittany.edu,v9p6v25z
cist38@nittany.edu,bgqgje4n
dabo34@nittany.edu,ibqumeb3
cosi83@nittany.edu,m6nwqse8
eiho95@nittany.edu,t9rgkjvk
glla45@nittany.edu,citvflsq
eiul87@nittany.edu,wiz18kft
gije92@nittany.edu,ukbofbpy
feem29@nittany.edu,maw8k1p2
elwa60@nittany.edu,2a5d4gvm
eada40@nittany.edu,n1otsmb8
gipa51@nittany.edu,0uek82zt
ilsc78@nittany.edu,gfqase8s
ilem86@nittany.edu,rzhtvxf3
ewko42@nittany.edu,7sgf01vp
geja39@nittany.edu,20u4p5x8
dogu84@nittany.edu,4qtlequ2
emmo61@nittany.edu,rj6abnmm
drbu64@nittany.edu,qqnuxtqz
gile88@nittany.edu,nwu9w5mv
dras80@nittany.edu,ucsw5qmf
elda68@nittany.edu,nfl28k41
gari57@nittany.edu,3nsynvz6
flko17@nittany.edu,4pvvl7p1
elau75@nittany.edu,cf5aejxt
dole44@nittany.edu,9s8t276n
drka46@nittany.edu,69gexir6
deo'43@nittany.edu,70pipr2e
elwa39@nittany.edu,poakps30
dowu87@nittany.edu,apbb4k6x
fro'51@nittany.edu,5z1mvehd
doon75@nittany.edu,ew3xk7ww
drle23@nittany.edu,hr9gvnwp
haco73@nittany.edu,l9uczvs1
frwi53@nittany.edu,idkbon4x
fabe65@nittany.edu,hod33g2g
etjo56@nittany.edu,xgzmz7gb
grsp85@nittany.edu,im9dpro0
hasc21@nittany.edu,yr2i3klq
erre49@nittany.edu,x50p3uzk
gaba39@nittany.edu,miklog0x
eaha59@nittany.edu,3bhnzahn
dasc18@nittany.edu,lnjgs77d
dewi70@nittany.edu,abcfoz4u
edbe43@nittany.edu,i9hg2u5p
gabr98@nittany.edu,jl6pbnsl
edbo16@nittany.edu,5sq8neye
famu93@nittany.edu,ncm9m5oz
illi19@nittany.edu,hh2csxcn
elbe54@nittany.edu,86efj62b
gabe19@nittany.edu,ixot9bd0
eulo18@nittany.edu,meze5wgr
drza36@nittany.edu,0q4zrpw7
eami65@nittany.edu,zigib19y
drde16@nittany.edu,919nl0rg
habe78@nittany.edu,szlotcme
deul87@nittany.edu,958ncrhf
deos72@nittany.edu,vtsv9lap
hiha11@nittany.edu,1jrl9g2g
geli87@nittany.edu,36w1lq62
drsy54@nittany.edu,4f0t44o5
erja10@nittany.edu,6c9w263u
drto50@nittany.edu,2cqalv1d
gaha45@nittany.edu,64mrwty5
dagr16@nittany.edu,1ty7j48p
hiqu65@nittany.edu,ea1bz0su
drli84@nittany.edu,luzms3yv
fake93@nittany.edu,ndollp4n
hasc27@nittany.edu,oolicjki
esga56@nittany.edu,nxaztmsb
elha30@nittany.edu,6fbe4n5f
dogr88@nittany.edu,2hraep3u
elwi91@nittany.edu,j8dbqrn2
dora61@nittany.edu,33gcwtga
ilba81@nittany.edu,rwnkxe3q
esfe83@nittany.edu,pcvwpys8
hisa78@nittany.edu,k47muh9j
drhe87@nittany.edu,8ir9plfy
gwlu16@nittany.edu,p60j3gfp
guro68@nittany.edu,9elp97f2
hamc65@nittany.edu,ivj4t8l7
emra98@nittany.edu,lt2o6bz7
erkr35@nittany.edu,xq9c6pak
gero58@nittany.edu,chgtsi7m
frwi49@nittany.edu,uu0g93w1
fico44@nittany.edu,x2a4uyte
heho84@nittany.edu,i3vn6szs
degl26@nittany.edu,bevy1uqk
depr59@nittany.edu,kwxx5jy0
geda79@nittany.edu,ajy7neci
dagu96@nittany.edu,frzsnvre
gori58@nittany.edu,zxgp56he
drka85@nittany.edu,r7haxr52
frru43@nittany.edu,f27vjkmy
heco30@nittany.edu,l29f8zdu
fuan74@nittany.edu,w7whiajz
flfe83@nittany.edu,tl5jnyof
gaje84@nittany.edu,5qdetelc
drke57@nittany.edu,ohh4mwyn
grha25@nittany.edu,x8bxllty
gosc70@nittany.edu,c30yd3xc
elbo84@nittany.edu,27nkuhp0
drth70@nittany.edu,wdsa15ev
elmu63@nittany.edu,1srrimo3
heha71@nittany.edu,kjzty61o
enha84@nittany.edu,pudh3q7q
hama74@nittany.edu,xkeuvdjo
elqu18@nittany.edu,5gopxrcu
howi66@nittany.edu,z79z8qv6
enwa30@nittany.edu,5lx2bx3y
enku62@nittany.edu,nfqdx36h
drmo33@nittany.edu,w3mm2evm
ebru45@nittany.edu,38y8b748
elwi22@nittany.edu,y3qo6wcu
gapf38@nittany.edu,t18b2zrh
dehi94@nittany.edu,jzfoezkr
edor75@nittany.edu,18zrf9xy
daar98@nittany.edu,w6w1dk9x
gudo30@nittany.edu,jytu2joh
dimo41@nittany.edu,hj4cclt0
drjo91@nittany.edu,cg3nnw0w
dogo21@nittany.edu,wqxumezb
ikwe96@nittany.edu,1eaym6hq
dasw68@nittany.edu,ywux4080
dosc66@nittany.edu,w5fqnpdm
hala86@nittany.edu,fjpasfn0
dewe43@nittany.edu,6wq0yb12
frto50@nittany.edu,a9vg5adf
flsc27@nittany.edu,otygfrqd
dosc84@nittany.edu,ghv927fv
edst74@nittany.edu,ungh3o61
gltu98@nittany.edu,gh7gg5yc
drca95@nittany.edu,vlcyuyli
elke20@nittany.edu,y17twvre
frgo62@nittany.edu,vp0hyviy
daau52@nittany.edu,pjk5uuph
flst48@nittany.edu,v2ac62yr
euwu45@nittany.edu,tnhnrl2s
haha53@nittany.edu,02r32nem
gedi62@nittany.edu,uyv380bs
geho31@nittany.edu,1kt3b9yp
hobe81@nittany.edu,do9np1uo
drlu11@nittany.edu,8izk0vyb
fuwi74@nittany.edu,zqmrasp4
gubo97@nittany.edu,61ps0ls8
erda24@nittany.edu,c08ymku9
elro53@nittany.edu,sgmnaby3
erje20@nittany.edu,2h2zgp0u
gash30@nittany.edu,fkxcd7sb
drmo10@nittany.edu,yvon4auv
flho25@nittany.edu,lbkrizuu
geri64@nittany.edu,kov519o8
hemo96@nittany.edu,pvksy5g9
elgr52@nittany.edu,nfs52rx9
elmo30@nittany.edu,jtcvb5mi
elgo54@nittany.edu,kec1tvvq
doco83@nittany.edu,30m8mgg8
euos93@nittany.edu,5n7rxat6
emkr23@nittany.edu,xuiy7mzm
idbl75@nittany.edu,i2dfgepr
drll45@nittany.edu,4bkr5n7f
gahe89@nittany.edu,448p81am
daca62@nittany.edu,vak3gwpe
edma86@nittany.edu,f3e9tv4d
doko14@nittany.edu,443bieq9
grsc20@nittany.edu,i54i8e4r
gapo29@nittany.edu,zktkgfvs
ensc81@nittany.edu,vb0kg02i
dosc17@nittany.edu,uwvxra29
eura57@nittany.edu,9gzrg9k4
dros90@nittany.edu,uo1yl5kn
emro83@nittany.edu,23fvo5oo
desp15@nittany.edu,c7h45b7v
dugu52@nittany.edu,xuub6w1z
deru43@nittany.edu,d712nupf
ezra44@nittany.edu,n0a9z5fp
gaco23@nittany.edu,ao2yf2ru
daau28@nittany.edu,0cs9xyii
glke34@nittany.edu,s52yl1va
hast36@nittany.edu,xd4a1vbi
habo83@nittany.edu,gbgrtgkb
hadu73@nittany.edu,x6lpxfnx
drma55@nittany.edu,1ekz58ar
essm84@nittany.edu,s7vf7d8s
emmc21@nittany.edu,cdessibr
drre34@nittany.edu,fb6id2et
diwe59@nittany.edu,2uy51mpb
deha37@nittany.edu,yytd1q6l
elvo73@nittany.edu,uv9ce60h
guwa86@nittany.edu,4jjj4cp0
drre34@nittany.edu,qenoerax
deha10@nittany.edu,23b23uk4
docr66@nittany.edu,behfw2pz
frho38@nittany.edu,219xa2c5
elwi34@nittany.edu,f3brslrz
elba19@nittany.edu,8uxa5m0p
foru89@nittany.edu,sh44t6ty
evbl84@nittany.edu,9x7jrlvr
edef54@nittany.edu,eegpby2t
etro58@nittany.edu,1pmel9s9
dran45@nittany.edu,dp3zoe6q
doru20@nittany.edu,1msis5t3
elja11@nittany.edu,7e90f7qq
drfo44@nittany.edu,ug376ep9
drsa81@nittany.edu,ajrdjhxl
hako50@nittany.edu,coevsfej
dagi15@nittany.edu,t03b6hb4
elma68@nittany.edu,n26pn5ng
geku91@nittany.edu,t4vk29f9
grcu17@nittany.edu,9fkl8w6t
dojo89@nittany.edu,tn9wg74p
haru83@nittany.edu,ggyn6nh9
flbe52@nittany.edu,hkjob0h1
drel69@nittany.edu,to578yi5
flma12@nittany.edu,52ibosdi
frry45@nittany.edu,hwazzxlh
drla86@nittany.edu,jy0in5m2
dafl41@nittany.edu,fff7sx3o
